r_shoulder_swing_joint	l_shoulder_swing_joint	r_shoulder_lateral_joint	l_shoulder_lateral_joint	r_elbow_joint	l_elbow_joint	r_hip_twist_joint	l_hip_twist_joint	r_hip_lateral_joint	l_hip_lateral_joint	r_hip_swing_joint	l_hip_swing_joint	r_knee_joint	l_knee_joint	r_ankle_swing_joint	l_ankle_swing_joint	r_ankle_lateral_joint	l_ankle_lateral_joint
0.25616953732993564	0.004256274444844611	0.4170084729440564	-0.0025861088066503335	-0.006287153715020644	-0.0018674264620210934	-0.02457069872612294	-0.0003220583423213519	-5.634071212390405	-0.7439908260592027	-0.27703904034620574	0.11135381765271041	1.1117408859248408	0.07856742826843599	21	21	0.18007531932295695	0.22461848067257156
4.383108663223352e-05	-0.00014333972719321177	0.00499729829102602	0.00016098050962076726	-0.00015202364693234216	-5.059701740695033e-05	-5.034104522483318e-05	0.008194117501414855	1.8391494263362438	0.044955001258422916	-0.053118513643808984	0.010856277812643138	-0.013190680141617526	3.9515705515202293	21	21	2.549779309243133e-06	0.29424188718800476
4.383108663223352e-05	-0.00014333972719321177	0.00499729829102602	0.00016098050962076726	-0.00015202364693234216	-5.059701740695033e-05	-5.034104522483318e-05	0.008194117501414855	1.8391494263362438	0.044955001258422916	-0.053118513643808984	0.010856277812643138	-0.013190680141617526	3.9515705515202293	0	0	2.549779309243133e-06	0.29424188718800476
0.000770204929193912	-0.003063383564983268	0.00499729829102602	0.00016098050962076726	-0.00015202364693234216	-5.059701740695033e-05	-5.034104522483318e-05	0.008194117501414855	1.8391494263362438	0.044955001258422916	-0.053118513643808984	0.010856277812643138	-0.013190680141617526	3.9515705515202293	0	0	-0.002703326067268943	0.2968620486618418
0.000770204929193912	-0.003063383564983268	-0.014562484698908307	0.0006294071913433008	-0.0005692123320999443	0.004021953338230411	-0.004570531117637167	0.1842014902887823	-1.7047574225364384	0.034601977446761856	-0.0003771820427646913	0.13581445097991224	-0.24505481600835055	5.8353812445461655	0	0	-0.002703326067268943	0.2968620486618418
0.0005684122246294329	-0.007174462331827972	-0.014562484698908307	0.0006294071913433008	-0.0005692123320999443	0.004021953338230411	-0.004570531117637167	0.1842014902887823	-1.7047574225364384	0.034601977446761856	-0.0003771820427646913	0.13581445097991224	-0.24505481600835055	5.8353812445461655	1	1	-0.002703326067268943	0.2968620486618418
-0.004263139022196373	-0.008519238699629452	-0.0521163469467778	0.0060525409373197725	-0.0024134206374029077	5.045404621917271e-05	-0.01294745138594422	0.5941996275796737	-1.9414441764979185	0.19880390828043593	0.08847737862008903	-0.25359468002889274	0.07854627656895465	-2.017345544529545	1	1	-0.012571868627042477	0.29946586854649876
-0.004263139022196373	-0.008519238699629452	-0.0521163469467778	0.0060525409373197725	-0.0024134206374029077	5.045404621917271e-05	-0.01294745138594422	0.5941996275796737	-1.9414441764979185	0.19880390828043593	0.08847737862008903	-0.25359468002889274	0.07854627656895465	-2.017345544529545	2	2	-0.012571868627042477	0.29946586854649876
-0.015345533648169	-0.006905051512211608	0.08965676036601788	0.011746222963717745	8.584510727605021e-05	-0.008236037115413097	-0.0028656342493507125	0.6183246273951784	7.934223694547536	0.03686391765545183	0.05935268720021168	-0.1013876741736604	0.367418155045879	4.73548914345154	3	3	-0.021004141635173695	0.2981115201308041
-0.015345533648169	-0.006905051512211608	0.271858444931123	0.011897138514646688	0.002507405035180099	-0.00889680994964337	0.00507313211441307	0.7264132171968076	9.96360868924154	0.002039731736458883	0.17330499782794867	0.02839344878229394	0.41709285243391125	5.729749976690186	3	3	-0.021004141635173695	0.2981115201308041
-0.03473575434114284	-0.003959143101963266	0.38957392610063213	0.013599835932308846	0.00628981640447801	-0.0077919569299416125	0.012593077051353596	0.728437809030853	4.7709003995570685	0.08433119651693799	0.2228769559249723	0.11335154740600101	0.32322559772203635	-3.3608450155032816	0	4	-0.02198981099481161	0.29456328399650067
-0.03473575434114284	-0.003959143101963266	0.38957392610063213	0.013599835932308846	0.00628981640447801	-0.0077919569299416125	0.012593077051353596	0.728437809030853	4.7709003995570685	0.08433119651693799	0.2228769559249723	0.11335154740600101	0.32322559772203635	-3.3608450155032816	0	4	-0.02198981099481161	0.29456328399650067
-0.0612033626679524	-0.0006499287725557162	0.6057185394382065	0.008979155489750479	0.014588274002132806	-0.00014446712342053303	0.021837673558493975	0.5142473201081601	6.012351321057833	-0.30250505715843135	0.15164233350329231	0.20520084630096172	0.11586810208335	-5.692908523276024	1	5	-0.011370790830907682	0.3004390032968389
-0.08973168921738761	0.0019792156859041693	0.6057185394382065	0.008979155489750479	0.014588274002132806	-0.00014446712342053303	0.021837673558493975	0.5142473201081601	6.012351321057833	-0.30250505715843135	0.15164233350329231	0.20520084630096172	0.11586810208335	-5.692908523276024	2	6	0.0024850909511519876	0.30038957321212856
-0.08973168921738761	0.0019792156859041693	0.8526915354484945	-0.0039341577405456185	0.015438220958381876	0.004709161915382509	0.020284568400386505	0.30360900363070487	10.837977697896722	-0.5732305083080651	0.19129569462778312	0.2222432801616397	-0.20726199701315795	10.235842517030267	2	6	0.0024850909511519876	0.30038957321212856
-0.11021285962464693	0.002158214354162983	0.8526915354484945	-0.0039341577405456185	0.015438220958381876	0.004709161915382509	0.020284568400386505	0.30360900363070487	10.837977697896722	-0.5732305083080651	0.19129569462778312	0.2222432801616397	-0.20726199701315795	10.235842517030267	3	7	0.011567006157617889	0.29666678901124377
-0.11021285962464693	0.002158214354162983	1.0298950109624432	-0.020570862883227736	0.037457566321423386	0.007060561476197158	-0.0032948404106836193	0.45704556182173883	-2.406088505832671	-0.10490504821874203	0.20896306676832282	-0.06184583345830348	-0.7947473601234235	-1.8703536005395365	3	7	0.011567006157617889	0.29666678901124377
-0.11948922895098957	-0.0001361742354798321	1.0298950109624432	-0.020570862883227736	0.037457566321423386	0.007060561476197158	-0.0032948404106836193	0.45704556182173883	-2.406088505832671	-0.10490504821874203	0.20896306676832282	-0.06184583345830348	-0.7947473601234235	-1.8703536005395365	4	8	0.006538793866364358	0.29736234888656
-0.12563829268846752	-0.000798889476900134	1.0298950109624432	-0.020570862883227736	0.037457566321423386	0.007060561476197158	-0.0032948404106836193	0.45704556182173883	-2.406088505832671	-0.10490504821874203	0.20896306676832282	-0.06184583345830348	-0.7947473601234235	-1.8703536005395365	4	8	0.006538793866364358	0.29736234888656
-0.12563829268846752	-0.000798889476900134	0.888885979709519	0.0037215371945147346	0.03164084378871301	-0.0056857091028819084	-0.03504681219394001	0.32714735861395505	0.2624062062406457	0.38800902453480357	-0.21872950986745018	-0.21484392218940324	-0.08182306889435662	-0.760057955186261	5	9	0.006538793866364358	0.29736234888656
-0.1255354152793499	0.0007532510330646075	0.888885979709519	0.0037215371945147346	0.03164084378871301	-0.0056857091028819084	-0.03504681219394001	0.32714735861395505	0.2624062062406457	0.38800902453480357	-0.21872950986745018	-0.21484392218940324	-0.08182306889435662	-0.760057955186261	6	10	-0.008001106231800701	0.30110571385350565
-0.1255354152793499	0.0007532510330646075	0.7835702469989574	-0.0034196317856358682	0.03419707953357598	-0.007205307935951311	-0.032364795778910604	0.17596784485838457	-4.230317796671719	-0.5125060886989928	0.04455375502020731	0.035768385337968306	0.23201222707235616	-5.667176211893815	6	10	-0.008001106231800701	0.30110571385350565
-0.1137790202767997	0.0030618882177169196	0.7250807704460591	-0.012198797729959576	0.03348557455750001	-0.006074321585595399	-0.024422661671991364	0.07609628616774566	-1.3367128376570714	-0.3053189688102813	-0.15763426354407062	0.0779763449688246	0.5501329507554247	-3.980605797376069	7	11	-0.0175502644582859	0.3032692359643006
-0.09861072742434077	0.007586486287552277	0.7455393074041474	-0.013444933053018193	0.028648891632564677	-0.004552275616242163	-0.009624426500334238	0.032213095239955525	3.3495207085881096	0.1452655349167431	-0.3352767408013496	0.08224743059106593	0.8819323238799301	-0.4041647195343254	7	11	-0.021212480976479597	0.3054342499018052
-0.09861072742434077	0.007586486287552277	0.7455393074041474	-0.013444933053018193	0.028648891632564677	-0.004552275616242163	-0.009624426500334238	0.032213095239955525	3.3495207085881096	0.1452655349167431	-0.3352767408013496	0.08224743059106593	0.8819323238799301	-0.4041647195343254	8	12	-0.021212480976479597	0.3054342499018052
-0.07832917974776699	0.011242946308880846	0.9296496478574827	-0.0030929394519856324	0.01147186852162374	0.0014119226071311886	0.02432615111039027	0.03648269176734287	2.872120945507273	0.06503613450833301	-0.41915484477009113	0.19228482444181016	0.6620648865413423	-1.7545435948361328	9	13	-0.019160265406493838	0.3078432776089673
-0.07832917974776699	0.011242946308880846	0.9296496478574827	-0.0030929394519856324	0.01147186852162374	0.0014119226071311886	0.02432615111039027	0.03648269176734287	2.872120945507273	0.06503613450833301	-0.41915484477009113	0.19228482444181016	0.6620648865413423	-1.7545435948361328	9	13	-0.019160265406493838	0.3078432776089673
-0.05133755071116867	0.011970380931880095	0.9778541261663776	-0.0027032867739369415	0.001503620020296914	0.005493819867536054	0.04028300499212811	-9.85670075115408e-06	0.30486698131576084	0.0663627082982794	-0.13558631848539593	0.02146894935446117	0.1838221915392967	0.000982533955626641	10	14	-0.02021186791844466	0.3093257213214238
-0.05133755071116867	0.011970380931880095	0.9778541261663776	-0.0027032867739369415	0.001503620020296914	0.005493819867536054	0.04028300499212811	-9.85670075115408e-06	0.30486698131576084	0.0663627082982794	-0.13558631848539593	0.02146894935446117	0.1838221915392967	0.000982533955626641	10	14	-0.02021186791844466	0.3093257213214238
-0.02434541619902713	0.011153297701838651	0.938250380443785	0.0029475404947505446	5.504923455745825e-05	0.0035567600999435456	0.03871085520492823	-3.28273079874819e-06	-2.4004950112707304	0.20003534239262843	0.13418070186384468	-0.09996983976585821	-0.2385939290394083	-0.00044797925501449676	11	15	-0.02021186791844466	0.3093257213214238
-0.0006206045737750821	0.009433425769507823	0.938250380443785	0.0029475404947505446	5.504923455745825e-05	0.0035567600999435456	0.03871085520492823	-3.28273079874819e-06	-2.4004950112707304	0.20003534239262843	0.13418070186384468	-0.09996983976585821	-0.2385939290394083	-0.00044797925501449676	12	16	-0.019716243732007935	0.3093251823853382
-0.0006206045737750821	0.009433425769507823	0.938250380443785	0.0029475404947505446	5.504923455745825e-05	0.0035567600999435456	0.03871085520492823	-3.28273079874819e-06	-2.4004950112707304	0.20003534239262843	0.13418070186384468	-0.09996983976585821	-0.2385939290394083	-0.00044797925501449676	12	16	-0.019716243732007935	0.3093251823853382
0.018869563307200302	0.007753816029175689	0.7831824570213914	0.009113405741180802	0.00843195534209773	-0.0003798669041934488	0.02083022730359918	-2.7846225045813355e-06	-5.323050553731984	0.05897587879838673	0.22094640242162855	-0.07308153499375569	-0.6328504813780802	-0.0004620925000951015	13	17	-0.013976361908796623	0.3032073240767292
0.018869563307200302	0.007753816029175689	0.7831824570213914	0.009113405741180802	0.00843195534209773	-0.0003798669041934488	0.02083022730359918	-2.7846225045813355e-06	-5.323050553731984	0.05897587879838673	0.22094640242162855	-0.07308153499375569	-0.6328504813780802	-0.0004620925000951015	13	17	-0.013976361908796623	0.3032073240767292
0.03496492615771885	0.007891943031725659	0.445163810992355	0.0038528788324678764	0.010365505608881165	-0.002521294141966557	-0.019828520353745382	-4.567925752185786e-05	-5.608872372927166	-0.4218517947338549	-0.24081128755728098	0.04805156378443354	-0.5132887952530268	0.010933298343302478	14	18	-0.007359872514985728	0.2957750852455636
0.05748678152638679	0.010493012203468332	0.445163810992355	0.0038528788324678764	0.010365505608881165	-0.002521294141966557	-0.019828520353745382	-4.567925752185786e-05	-5.608872372927166	-0.4218517947338549	-0.24081128755728098	0.04805156378443354	-0.5132887952530268	0.010933298343302478	15	19	-0.007034882279460078	0.2967530550880977
0.05748678152638679	0.010493012203468332	0.3189949934192766	-0.008261495742060365	-0.003276899305410197	-0.0031981015499402687	-0.030396507533002826	0.1093818395639059	1.5623017682609879	0.01655462382603612	-0.3091689203343535	-0.032386937464761234	0.007720077355459598	5.488572901894793	15	19	-0.007034882279460078	0.2967530550880977
0.0793457738385462	0.0167366469047058	0.41137407890519384	-0.00401676065429557	-0.0076610123009714926	-0.0036275353782437847	-0.027280496314117997	0.22503658800595572	6.771516673402171	0.35705239694309254	-0.12795958322189138	-0.0034857390011969747	0.2791005230920854	5.56090543071593	16	20	-0.009573704153167432	0.3000463995023931
0.0793457738385462	0.0167366469047058	0.508107350642077	0.003194907142164194	-0.00783705503506038	-0.003524540668069953	-0.020026351218225713	0.2315414988798623	3.7049085155815753	0.3732659874209343	0.09365664715236688	-0.008662577021540385	0.411611435544723	-4.15125552425908	16	20	-0.009573704153167432	0.3000463995023931
0.0990960332350016	0.024872067503271793	0.508107350642077	0.003194907142164194	-0.00783705503506038	-0.003524540668069953	-0.020026351218225713	0.2315414988798623	3.7049085155815753	0.3732659874209343	0.09365664715236688	-0.008662577021540385	0.411611435544723	-4.15125552425908	17	21	-0.009573704153167432	0.3000463995023931
0.12717739413032228	0.030983885304749832	0.6102692544127271	0.0074297559404299385	-0.004258662892707044	-0.002065205374084833	-0.010303498953280865	0.17358715803213398	8.566236246696079	-0.28856454802263	0.2880564717015719	0.28982149019882675	0.6302087634917335	13.472274935870068	17	21	-0.008191500361948208	0.2985305930716736
0.12717739413032228	0.030983885304749832	0.6102692544127271	0.0074297559404299385	-0.004258662892707044	-0.002065205374084833	-0.010303498953280865	0.17358715803213398	8.566236246696079	-0.28856454802263	0.2880564717015719	0.28982149019882675	0.6302087634917335	13.472274935870068	18	22	-0.008191500361948208	0.2985305930716736
0.15804022911343232	0.03559400697985817	0.8598867570539799	-0.011125551288868163	0.007806608225505052	0.002042502939016977	0.0248943957920158	0.5315774797510442	4.4929901108256916	0.21197379202777067	-0.07899951177066045	-0.01015582874523524	0.44854785348894244	4.550898008480066	19	23	-0.007573496334143035	0.286037953215876
0.15804022911343232	0.03559400697985817	0.8598867570539799	-0.011125551288868163	0.007806608225505052	0.002042502939016977	0.0248943957920158	0.5315774797510442	4.4929901108256916	0.21197379202777067	-0.07899951177066045	-0.01015582874523524	0.44854785348894244	4.550898008480066	19	23	-0.007573496334143035	0.286037953215876
0.18777441978303283	0.038598675890532064	0.9248898128200898	0.002617981579006834	0.003791408062583379	0.0027491432645847524	0.033107578891663714	0.5677475947234583	-1.1441061984882075	0.3170347270413154	-0.07351506276894537	-0.036227640934465066	-0.0330494791872068	-2.6020906213258375	20	24	0.010052075623736724	0.25768477124819833
0.18777441978303283	0.038598675890532064	0.9042971716500352	0.006834423092115127	0.0030258451206259807	0.0018578762244905178	0.03048971577296289	0.5068377800779849	-0.6473923964920878	0.10112829152496738	-0.006641262495581168	-0.04391860680628634	-0.20818257187116396	-3.1835331731600176	20	24	0.010052075623736724	0.25768477124819833
0.21728192406666288	0.040700346132197404	0.8972756111682783	0.007893735060334084	0.0032177560144912576	0.0005929055573465902	0.02544159406871227	0.4477366695257694	-0.36239067078012344	0.0910064229000232	-0.022148493233941073	-0.0361390166122912	-0.05453132446194372	-0.872507530677957	21	25	0.027871963736424886	0.24009335493058115
-0.00019286261375817934	-7.495045291357361e-05	0.8972756111682783	0.007893735060334084	0.0032177560144912576	0.0005929055573465902	0.02544159406871227	0.4477366695257694	-0.36239067078012344	0.0910064229000232	-0.022148493233941073	-0.0361390166122912	-0.05453132446194372	-0.872507530677957	0	0	5.63900672225226e-05	0.2942671643166217
-0.00019286261375817934	-7.495045291357361e-05	0.08351500743262186	0.006464132647967968	-0.00043802477999754785	-0.0008371379529279466	-0.0011275043990925937	0.00771372251452318	5.888363762736234	0.3636056764776675	-0.022274074492493967	0.036290098805655494	-0.048817072024754354	-0.41622705655862546	0	0	5.63900672225226e-05	0.2942671643166217
-0.002359188071321111	-0.0013366780272568337	0.08351500743262186	0.006464132647967968	-0.00043802477999754785	-0.0008371379529279466	-0.0011275043990925937	0.00771372251452318	5.888363762736234	0.3636056764776675	-0.022274074492493967	0.036290098805655494	-0.048817072024754354	-0.41622705655862546	0	0	0.005604899574502678	0.29659932878927536
-0.002359188071321111	-0.0013366780272568337	0.16101737321171772	0.0049265970064538145	-0.0002825932309020729	-0.00030018931439546037	-0.0011634681331305075	0.15318548344090965	5.128975084519088	0.08534089978245593	0.03291842727805882	0.04188232117515132	-0.04599936814642853	2.9111151574162673	0	0	0.005604899574502678	0.29659932878927536
-0.0033117043046646945	-0.002583785291799877	0.16101737321171772	0.0049265970064538145	-0.0002825932309020729	-0.00030018931439546037	-0.0011634681331305075	0.15318548344090965	5.128975084519088	0.08534089978245593	0.03291842727805882	0.04188232117515132	-0.04599936814642853	2.9111151574162673	1	1	0.01612290218532082	0.2987357551320457
0.0003442934786480691	-0.002890173337609338	0.4599239087393254	-0.004785105080651331	-0.00044988500274900645	-0.0009459561215683365	-0.0003428462838668267	0.15577059743413235	3.703689225334636	-0.22586924056775334	0.04471542124691444	-0.007505432788048019	0.06438530830501765	-3.920154888745926	1	1	0.01612290218532082	0.2987357551320457
0.0003442934786480691	-0.002890173337609338	0.4599239087393254	-0.004785105080651331	-0.00044988500274900645	-0.0009459561215683365	-0.0003428462838668267	0.15577059743413235	3.703689225334636	-0.22586924056775334	0.04471542124691444	-0.007505432788048019	0.06438530830501765	-3.920154888745926	2	2	0.025884830838903927	0.30009665184305667
0.007447428199595353	-0.0032266020330587253	0.5992881464853284	-0.007252023978943978	0.002003928954270151	0.0002961046339473583	0.0015781887598524946	0.04875194342855016	4.866061084283286	0.15421498220986324	0.12155357546816364	0.023908964309930232	0.037593022298725985	1.3370428742084113	3	3	0.025884830838903927	0.30009665184305667
0.007447428199595353	-0.0032266020330587253	0.6960792015705843	-0.0025317116411014418	0.004398432104981254	0.0008259388784157551	0.0021583326417582427	0.07212455437550558	4.807396458140367	0.2779850356860212	0.17733701885450565	0.026986697582449683	0.027485965754057443	0.7247967688384306	3	3	0.025884830838903927	0.30009665184305667
0.015220339060145369	-0.003475194434428768	0.7918440134132538	0.0027309247507329992	0.007461862331407332	0.0010894710433833055	0.002666251786299867	0.07395230719410906	4.027506347651397	0.22380652123624417	0.15576530529511226	0.010828995453597737	0.006371916792798273	-1.5007007801828176	4	4	0.03425841450953593	0.30294274869077054
0.023668447652560758	-0.00412074641221766	0.7918440134132538	0.0027309247507329992	0.007461862331407332	0.0010894710433833055	0.002666251786299867	0.07395230719410906	4.027506347651397	0.22380652123624417	0.15576530529511226	0.010828995453597737	0.006371916792798273	-1.5007007801828176	4	4	0.03425841450953593	0.30294274869077054
0.023668447652560758	-0.00412074641221766	0.9212846999555611	0.004233593590285967	0.015998271576613377	0.0022114015405989562	-0.000224340190055905	0.006411397087568549	-0.2518599641946202	-0.22343203255743171	0.23801516882030055	0.12093708045343102	-0.20351973858447708	-3.0949435397638085	5	5	0.03799826334916476	0.30381630063660064
0.03675997350828891	-0.006059610380000613	0.9212846999555611	0.004233593590285967	0.015998271576613377	0.0022114015405989562	-0.000224340190055905	0.006411397087568549	-0.2518599641946202	-0.22343203255743171	0.23801516882030055	0.12093708045343102	-0.20351973858447708	-3.0949435397638085	6	6	0.03472492715323758	0.30574164807974336
0.03675997350828891	-0.006059610380000613	0.7936127515720299	-0.004735821317385369	0.022677302375360142	0.0037784974217567324	-0.012062806708025953	-6.072768110199078e-05	-5.6705218596499725	0.027591232649793906	-0.09060357406528491	-0.08505254288882592	-0.3231529296850007	0.013620351806761022	6	6	0.03472492715323758	0.30574164807974336
0.04764198964304409	-0.007534816716975483	0.7936127515720299	-0.004735821317385369	0.022677302375360142	0.0037784974217567324	-0.012062806708025953	-6.072768110199078e-05	-5.6705218596499725	0.027591232649793906	-0.09060357406528491	-0.08505254288882592	-0.3231529296850007	0.013620351806761022	7	7	0.023909964027822854	0.30788747392022375
0.04764198964304409	-0.007534816716975483	0.5817842011921295	0.008672741757537406	0.010933560473402437	-0.002027389246463507	-0.01809342636394007	0.012519998717637204	-2.8366932612509586	0.5113257885206407	-0.1505065492412765	-0.1866895784252126	0.11004274555485377	3.293492521461757	7	7	0.023909964027822854	0.30788747392022375
0.049535650429582585	-0.006485960535870895	0.5817842011921295	0.008672741757537406	0.010933560473402437	-0.002027389246463507	-0.01809342636394007	0.012519998717637204	-2.8366932612509586	0.5113257885206407	-0.1505065492412765	-0.1866895784252126	0.11004274555485377	3.293492521461757	8	8	0.018323321841934435	0.3071214493690015
0.03934590331098801	-0.003260857550893047	0.7055292934664088	0.024703413552112696	0.01264734083139718	-0.008398312303390831	-0.0004896078306293461	0.2423540655567753	7.020642657712341	0.07598896579481895	0.06042200154744082	-0.0104088452512055	0.5906301506025338	5.846252002856231	9	9	0.018323321841934435	0.3071214493690015
0.03934590331098801	-0.003260857550893047	0.7055292934664088	0.024703413552112696	0.01264734083139718	-0.008398312303390831	-0.0004896078306293461	0.2423540655567753	7.020642657712341	0.07598896579481895	0.06042200154744082	-0.0104088452512055	0.5906301506025338	5.846252002856231	9	9	0.026501841763226085	0.3037973963810407
0.027242211866149904	-0.0007184534423737224	0.7055292934664088	0.024703413552112696	0.01264734083139718	-0.008398312303390831	-0.0004896078306293461	0.2423540655567753	7.020642657712341	0.07598896579481895	0.06042200154744082	-0.0104088452512055	0.5906301506025338	5.846252002856231	10	10	0.026501841763226085	0.3037973963810407
0.027242211866149904	-0.0007184534423737224	1.04595298901239	0.004982576711359155	0.0063640701064775484	-0.0025883934718597956	0.01644815443706449	0.45667402611284347	8.52216976130978	-0.9136274070735324	-0.3026429407026894	0.22492856213008947	0.23168890231714068	5.348786484144437	10	10	0.051516638599511486	0.26730331262285906
0.018120555233924137	0.00018622999958062608	1.04595298901239	0.004982576711359155	0.0063640701064775484	-0.0025883934718597956	0.01644815443706449	0.45667402611284347	8.52216976130978	-0.9136274070735324	-0.3026429407026894	0.22492856213008947	0.23168890231714068	5.348786484144437	11	11	0.051516638599511486	0.26730331262285906
0.01613810443588346	-0.0008884628271962085	1.212666040653696	-0.0160638663007302	0.023066511832222858	0.006716401173901154	0.013828396116431385	0.7164423419142012	-6.153319176747592	-0.022497676859602238	1.033105546945932	0.20014077459622676	-0.5434263828580838	0.472774697955528	11	11	0.051516638599511486	0.26730331262285906
0.01613810443588346	-0.0008884628271962085	1.212666040653696	-0.0160638663007302	0.023066511832222858	0.006716401173901154	0.013828396116431385	0.7164423419142012	-6.153319176747592	-0.022497676859602238	1.033105546945932	0.20014077459622676	-0.5434263828580838	0.472774697955528	12	12	0.06596269677914333	0.24987361113149809
0.029057262024886076	-0.0032430186804019902	1.0159806027128688	-0.012914802575903384	0.08323814061799695	0.0030679927565229193	-0.011007096956398676	0.7391248276965023	-7.033896048094849	0.09597160028266227	0.7567783623438272	-0.1183728521564556	-0.6604389123841624	-2.565039164477541	13	13	0.07881384836520271	0.2502496388834587
0.029057262024886076	-0.0032430186804019902	0.8897189993545567	-0.00972023039189951	0.08075804927829555	-0.0005162253665593752	-0.02173451670319526	0.6971734250391326	-5.824738310791176	0.24506948112415383	-0.9445070671732047	-0.21778617773977318	-0.3771134628243459	-1.2343847995711212	13	13	0.07881384836520271	0.2502496388834587
0.050835007779175885	-0.004579134426319857	0.8073694374350833	-0.004857940784286807	0.05332637753742819	-0.003626200135433244	-0.026547147950233274	0.7570253600607484	-3.7807671864149555	0.19343175338956353	-1.6382629103001434	-0.09389940560404314	-0.1490803377620871	5.541824531872024	14	14	0.09191356151858553	0.25585356459076636
0.07904397410565449	-0.004301309422897827	0.8073694374350833	-0.004857940784286807	0.05332637753742819	-0.003626200135433244	-0.026547147950233274	0.7570253600607484	-3.7807671864149555	0.19343175338956353	-1.6382629103001434	-0.09389940560404314	-0.1490803377620871	5.541824531872024	14	14	0.09191356151858553	0.25585356459076636
0.07904397410565449	-0.004301309422897827	0.6399505637434775	6.291514172707124e-05	0.0013635527979767303	-0.0060694896326749515	-0.022728974498682497	0.9573485214812627	-3.206383321931893	0.12415205717430444	-0.9709593146621546	-0.010946862980319105	0.41800763452146983	3.1071841501382114	15	15	0.1043126023885642	0.2621522842796619
0.10780147038937941	-0.0014327087028182294	0.6399505637434775	6.291514172707124e-05	0.0013635527979767303	-0.0060694896326749515	-0.022728974498682497	0.9573485214812627	-3.206383321931893	0.12415205717430444	-0.9709593146621546	-0.010946862980319105	0.41800763452146983	3.1071841501382114	16	16	0.1043126023885642	0.2621522842796619
0.10780147038937941	-0.0014327087028182294	0.6450197190949725	0.0016241406755947985	-0.013690422603313657	-0.0036132557738115523	0.0021645924981976705	0.9901464697580686	5.0864870120489	-0.14262843460374297	0.16879698117224295	0.12923006702534479	0.714883268945786	2.780930252683328	16	16	0.11939747335995557	0.2594758515955909
0.14124974710021412	0.001348278901731015	0.6450197190949725	0.0016241406755947985	-0.013690422603313657	-0.0036132557738115523	0.0021645924981976705	0.9901464697580686	5.0864870120489	-0.14262843460374297	0.16879698117224295	0.12923006702534479	0.714883268945786	2.780930252683328	17	17	0.11939747335995557	0.2594758515955909
0.14124974710021412	0.001348278901731015	0.7991406139250934	-0.014733448275008332	0.0019812063747366437	0.0032758340404512865	0.026596250084137907	1.1981047871105885	-0.5669168770297031	-0.4100412617568949	0.37717829598422026	0.14114247333200403	0.46733418662379084	1.6309273126738062	17	17	0.15125802197797114	0.21669956746450472
0.18562586605304943	0.0012533723486535108	0.7991406139250934	-0.014733448275008332	0.0019812063747366437	0.0032758340404512865	0.026596250084137907	1.1981047871105885	-0.5669168770297031	-0.4100412617568949	0.37717829598422026	0.14114247333200403	0.46733418662379084	1.6309273126738062	18	18	0.15125802197797114	0.21669956746450472
0.23958730402775114	-0.0004653090307648206	0.7991406139250934	-0.014733448275008332	0.0019812063747366437	0.0032758340404512865	0.026596250084137907	1.1981047871105885	-0.5669168770297031	-0.4100412617568949	0.37717829598422026	0.14114247333200403	0.46733418662379084	1.6309273126738062	19	19	0.15125802197797114	0.21669956746450472
0.23958730402775114	-0.0004653090307648206	0.6981892020578275	-0.01852205497340309	0.002780892282990166	0.0070156809479904325	0.04210318955504366	1.1322951853676266	-3.2108038791432145	0.15594443554593562	-0.2742778157368887	0.02507576206711093	0.32482426515555124	-3.789782006767857	19	19	0.16646126932257332	0.1930170351471118
0.29838927643847296	-0.003839435869237645	0.6981892020578275	-0.01852205497340309	0.002780892282990166	0.0070156809479904325	0.04210318955504366	1.1322951853676266	-3.2108038791432145	0.15594443554593562	-0.2742778157368887	0.02507576206711093	0.32482426515555124	-3.789782006767857	20	20	0.17874201460758504	0.17782643247201893
0.29838927643847296	-0.003839435869237645	-5.43029542843243e-06	-3.824749298164676e-06	1.730878906869293e-08	-3.347725892055564e-06	-3.899655082406639e-06	-1.2511766334100116e-07	0.0	-0.009295197148803584	0.0	0.0	-0.012700601708433982	0.0	20	20	0.17874201460758504	0.17782643247201893
-1.1572162710530388e-05	1.6305950928816972e-06	-5.43029542843243e-06	-3.824749298164676e-06	1.730878906869293e-08	-3.347725892055564e-06	-3.899655082406639e-06	-1.2511766334100116e-07	0.0	-0.009295197148803584	0.0	0.0	-0.012700601708433982	0.0	0	0	0.0008683852744879976	0.2946350351606645
-0.006900146563469507	0.0012185774744411038	0.09980859289331256	0.0061540018269901076	-0.0007192497571226752	-0.0025719229692331425	0.0015932039633099748	0.10449265471241587	6.453064809483287	0.47919524746251924	-0.04033273460866542	-0.12150784472390466	0.14005601837121456	6.225645644908765	0	0	0.0008683852744879976	0.2946350351606645
-0.006900146563469507	0.0012185774744411038	0.09980859289331256	0.0061540018269901076	-0.0007192497571226752	-0.0025719229692331425	0.0015932039633099748	0.10449265471241587	6.453064809483287	0.47919524746251924	-0.04033273460866542	-0.12150784472390466	0.14005601837121456	6.225645644908765	0	1	0.0035434315920866433	0.2957176210944396
-0.025284751967828544	0.003854634228069307	0.40673266060561275	0.02210498257292448	-0.002297467314863688	-0.004263654075048251	0.0062192120291486575	0.33008513215229707	11.060802926485461	0.1547454727303288	-8.004054291851914e-05	-0.0034284808336529915	0.06963266029705273	6.4961084686861685	1	2	0.0035434315920866433	0.2957176210944396
-0.025284751967828544	0.003854634228069307	0.40673266060561275	0.02210498257292448	-0.002297467314863688	-0.004263654075048251	0.0062192120291486575	0.33008513215229707	11.060802926485461	0.1547454727303288	-8.004054291851914e-05	-0.0034284808336529915	0.06963266029705273	6.4961084686861685	1	2	0.0153510271740309	0.2980796305373268
-0.049596396315716385	0.006184532867512729	0.8567152704617644	0.011892593239412275	-0.000374184169896985	-0.0014482938838931148	0.006205122228944759	0.5681227783887697	11.022098415783251	-0.5155784893984965	0.06291566832681447	0.12323730071950056	-0.05670766776242592	5.880826504669142	2	3	0.0153510271740309	0.2980796305373268
-0.07355447500743728	0.007861208164124384	0.8567152704617644	0.011892593239412275	-0.000374184169896985	-0.0014482938838931148	0.006205122228944759	0.5681227783887697	11.022098415783251	-0.5155784893984965	0.06291566832681447	0.12323730071950056	-0.05670766776242592	5.880826504669142	2	3	0.0153510271740309	0.2980796305373268
-0.07355447500743728	0.007861208164124384	0.8567152704617644	0.011892593239412275	-0.000374184169896985	-0.0014482938838931148	0.006205122228944759	0.5681227783887697	11.022098415783251	-0.5155784893984965	0.06291566832681447	0.12323730071950056	-0.05670766776242592	5.880826504669142	3	4	0.04186521439095981	0.30451090362733574
-0.09603320311190404	0.009310538921799675	1.0075544045370108	-0.009620237123427078	0.0013868297571484334	0.0038330934514458903	0.0012268479987245229	0.6898037915210726	-5.6114028466707575	-0.340209057919312	0.012136426025988552	0.045008080870514805	-0.19484116170506216	-4.041488368148877	4	5	0.04186521439095981	0.30451090362733574
-0.09603320311190404	0.009310538921799675	1.0075544045370108	-0.009620237123427078	0.0013868297571484334	0.0038330934514458903	0.0012268479987245229	0.6898037915210726	-5.6114028466707575	-0.340209057919312	0.012136426025988552	0.045008080870514805	-0.19484116170506216	-4.041488368148877	4	5	0.04903868768959346	0.31037580656727143
-0.11912623993390849	0.010438652776762293	0.8392403734696252	-0.005553533405007638	-0.0005645031692722569	0.002202023784542817	-0.0036076356366052664	0.5456573671523146	-2.952450276303747	0.38097944334391	-0.08210951248877815	-0.09411978594544365	-0.045290189748766835	-3.4036026992722155	5	6	0.05796777848506043	0.3130720737530411
-0.11912623993390849	0.010438652776762293	0.8392403734696252	-0.005553533405007638	-0.0005645031692722569	0.002202023784542817	-0.0036076356366052664	0.5456573671523146	-2.952450276303747	0.38097944334391	-0.08210951248877815	-0.09411978594544365	-0.045290189748766835	-3.4036026992722155	5	6	0.05796777848506043	0.3130720737530411
-0.13744104220398168	0.010716294267198839	0.7396752543093275	-0.0004189609350064849	-0.0024781904927388965	-0.002560345361272809	-0.0004182988069949545	0.306331348356363	-1.2071881839119376	-0.2630850546518826	0.037490547251807005	-0.004555590046804201	0.12853316199923248	-5.3680353022703535	6	7	0.07177748642822766	0.30910032411391425
-0.14581141791585145	0.009394677131782422	0.7396752543093275	-0.0004189609350064849	-0.0024781904927388965	-0.002560345361272809	-0.0004182988069949545	0.306331348356363	-1.2071881839119376	-0.2630850546518826	0.037490547251807005	-0.004555590046804201	0.12853316199923248	-5.3680353022703535	7	8	0.07177748642822766	0.30910032411391425
-0.14581141791585145	0.009394677131782422	0.7405180719955125	-0.0168652413008048	-0.04252487972500418	0.0035135789646814075	0.004782577846149216	0.18606178588370748	-5.759579128379386	-0.2750772959663028	-0.6087805943777829	0.1206490755982999	0.051703864044873454	-7.02906094703181	7	8	0.08415633587902073	0.3060486224070554
-0.1439162948014643	0.005856136442862235	0.6591281139493423	-0.01697379616418404	-0.038640658625197055	0.004538633653250024	0.0059231600560529785	0.08096296384788149	-0.7056130743917421	0.1317077847148855	0.8756731480667979	0.020058033602485398	0.0740847702480554	-2.1053887251463084	8	9	0.08415633587902073	0.3060486224070554
-0.1439162948014643	0.005856136442862235	0.6736476856264044	-0.011137003585019567	-0.017611919623954364	0.002777098810396339	0.008136876517922609	0.05779123664451946	1.9260683970482804	0.39602929356962635	1.1362631305768158	-0.1423160265329566	0.13867461946547646	-0.45486258487238357	8	9	0.08415633587902073	0.3060486224070554
-0.1371670565402638	0.0036157901806755217	0.6736476856264044	-0.011137003585019567	-0.017611919623954364	0.002777098810396339	0.008136876517922609	0.05779123664451946	1.9260683970482804	0.39602929356962635	1.1362631305768158	-0.1423160265329566	0.13867461946547646	-0.45486258487238357	9	10	0.0794991237272955	0.31150959729665195
-0.12284469512050829	0.0017548371262849733	0.8143239838084666	0.000157568159929955	0.012879531649562459	-0.0026241806556139835	0.012957890480709722	0.06346636549555784	2.997087860289186	0.002507337971964896	0.18219480014311873	-0.06284154752614626	0.0410647184789244	-0.9273991327472719	9	10	0.0794991237272955	0.31150959729665195
-0.12284469512050829	0.0017548371262849733	0.8143239838084666	0.000157568159929955	0.012879531649562459	-0.0026241806556139835	0.012957890480709722	0.06346636549555784	2.997087860289186	0.002507337971964896	0.18219480014311873	-0.06284154752614626	0.0410647184789244	-0.9273991327472719	10	11	0.08044499516147664	0.3148674083421272
-0.10085904533022039	-0.0010949943910613122	0.8651650197146825	-0.005789710703929085	-3.490979175513331e-05	-0.0023955153205728053	0.009637206173475299	-0.0001979334156092527	-0.00401760084322178	-0.10859133117153608	-0.6143366402288548	0.07643289554575534	-0.17844343364759038	0.0497465884882522	11	12	0.07912456028352449	0.31721549135786614
-0.10085904533022039	-0.0010949943910613122	0.8651650197146825	-0.005789710703929085	-3.490979175513331e-05	-0.0023955153205728053	0.009637206173475299	-0.0001979334156092527	-0.00401760084322178	-0.10859133117153608	-0.6143366402288548	0.07643289554575534	-0.17844343364759038	0.0497465884882522	11	12	0.07912456028352449	0.31721549135786614
-0.07764179275197096	-0.004006039892093009	0.7898109121975132	-0.0017099904352364526	-0.013852612815524523	0.0007252932420263036	0.001972459842012775	-3.388316892394272e-06	-3.568306644949586	0.24164648836286262	0.005230464870229767	0.06281917248903876	-0.16799405955521707	-0.0005584883740947788	12	13	0.07625946715871977	0.31886813769234496
-0.05466216011902195	-0.0065041515941903745	0.7898109121975132	-0.0017099904352364526	-0.013852612815524523	0.0007252932420263036	0.001972459842012775	-3.388316892394272e-06	-3.568306644949586	0.24164648836286262	0.005230464870229767	0.06281917248903876	-0.16799405955521707	-0.0005584883740947788	12	13	0.07625946715871977	0.31886813769234496
-0.05466216011902195	-0.0065041515941903745	0.7898109121975132	-0.0017099904352364526	-0.013852612815524523	0.0007252932420263036	0.001972459842012775	-3.388316892394272e-06	-3.568306644949586	0.24164648836286262	0.005230464870229767	0.06281917248903876	-0.16799405955521707	-0.0005584883740947788	13	14	0.07363724534673408	0.3179746118061748
-0.03100955612956606	-0.008224604979124535	0.5889052313942944	0.00523083277612324	-0.0036349466270255704	0.0010972227362771036	-0.0036618925292613014	0.005140450597725721	-5.867404620806296	0.0578189182688893	0.3458478857896426	-0.04268263400245012	-0.12061234437642124	0.6557191426102222	14	15	0.07363724534673408	0.3179746118061748
-0.03100955612956606	-0.008224604979124535	0.5889052313942944	0.00523083277612324	-0.0036349466270255704	0.0010972227362771036	-0.0036618925292613014	0.005140450597725721	-5.867404620806296	0.0578189182688893	0.3458478857896426	-0.04268263400245012	-0.12061234437642124	0.6557191426102222	14	15	0.07106991213470897	0.31570187286909557
-0.0051624280632686865	-0.008551016539655553	0.3615503056350722	0.001909120624835392	0.006222990558235608	-0.00023676062439470513	-0.006138131972622141	0.015145461349538092	-5.573443725999694	-0.1591404874337281	0.07270965234294563	-0.04924800774369347	-0.02534418899387359	-0.6965521848993532	15	16	0.07106991213470897	0.31570187286909557
-0.0051624280632686865	-0.008551016539655553	0.3615503056350722	0.001909120624835392	0.006222990558235608	-0.00023676062439470513	-0.006138131972622141	0.015145461349538092	-5.573443725999694	-0.1591404874337281	0.07270965234294563	-0.04924800774369347	-0.02534418899387359	-0.6965521848993532	15	16	0.07106991213470897	0.31570187286909557
0.02012224989588075	-0.007259710723327842	0.14177227120486613	0.0014052368267178927	-0.0052590397571412595	-0.001718203894446546	-0.003158961885309175	0.13442119959914622	2.10645536280974	0.24884768268239532	-0.2672090129821166	-0.05351700755598923	0.14211745756961866	5.4172909617230385	16	17	0.04199622644889951	0.32221632996143634
0.03936102882708006	-0.0038183890918656095	0.14177227120486613	0.0014052368267178927	-0.0052590397571412595	-0.001718203894446546	-0.003158961885309175	0.13442119959914622	2.10645536280974	0.24884768268239532	-0.2672090129821166	-0.05351700755598923	0.14211745756961866	5.4172909617230385	17	18	0.04199622644889951	0.32221632996143634
0.03936102882708006	-0.0038183890918656095	0.3954163545372449	0.013398348812275973	-0.01014359746518867	-0.0032828017079227223	0.003280241410094753	0.37305665758576056	6.929160040963409	0.2547757876275296	0.03131327140754378	0.0005159805511231463	0.12468449915178326	5.673005259525598	17	18	0.022833684375710053	0.32140754046886116
0.05103185189126419	-0.0006644050697253667	0.5191515110268883	0.016252017860211243	-0.008488553557676859	-0.0022727973013454417	0.00529499690959323	0.48780461235754613	4.8489653905057395	0.04531770700537974	0.11417026406769759	0.07632771733139251	0.06691990991303029	5.153829584436964	18	19	0.012621666407370752	0.31884738634523624
0.05103185189126419	-0.0006644050697253667	0.594178985156053	0.015707170399485104	-0.006215051155615825	-0.0009023407741333145	0.005716146864892302	0.5877645174495467	3.1284716692468777	-0.07835088011424754	0.10343871583859031	0.06354730452212812	-0.018401667308600933	5.288316273453591	18	19	0.012621666407370752	0.31884738634523624
0.05496736388166132	0.0024740049853841195	0.594178985156053	0.015707170399485104	-0.006215051155615825	-0.0009023407741333145	0.005716146864892302	0.5877645174495467	3.1284716692468777	-0.07835088011424754	0.10343871583859031	0.06354730452212812	-0.018401667308600933	5.288316273453591	19	20	0.006948689670507619	0.31685873588131885
0.053587683840423984	0.0053044984080422315	0.5562040430041311	0.0071687965088602645	-0.003815275625027148	0.0019280901421172558	0.002975457978766194	0.8062544147807027	-5.042282796816712	-0.25298777061527883	0.02419302720950725	0.05502010994494139	-0.09363861750112423	5.805468251030811	19	20	0.006948689670507619	0.31685873588131885
0.053587683840423984	0.0053044984080422315	0.5562040430041311	0.0071687965088602645	-0.003815275625027148	0.0019280901421172558	0.002975457978766194	0.8062544147807027	-5.042282796816712	-0.25298777061527883	0.02419302720950725	0.05502010994494139	-0.09363861750112423	5.805468251030811	20	21	-0.00015867395988124547	0.3149403330152398
0.04681040022848052	0.00781990441327592	0.37755060339647706	0.003739945657549537	-0.0017613672917891066	0.0019411465204646206	0.001887900249302632	1.0043637244425399	-2.792964649004518	-0.09528914961398766	0.0892194116213223	0.020251495044395856	0.08659961472120613	7.235359834788564	21	22	-0.00015867395988124547	0.3149403330152398
0.04681040022848052	0.00781990441327592	0.37755060339647706	0.003739945657549537	-0.0017613672917891066	0.0019411465204646206	0.001887900249302632	1.0043637244425399	-2.792964649004518	-0.09528914961398766	0.0892194116213223	0.020251495044395856	0.08659961472120613	7.235359834788564	21	22	-0.008324512006389848	0.3133210452067893
0.039460017920274294	0.008256407336906812	0.37755060339647706	0.003739945657549537	-0.0017613672917891066	0.0019411465204646206	0.001887900249302632	1.0043637244425399	-2.792964649004518	-0.09528914961398766	0.0892194116213223	0.020251495044395856	0.08659961472120613	7.235359834788564	22	23	-0.008324512006389848	0.3133210452067893
0.03119216283873273	0.006543468840314434	0.2873396003840778	0.0015774782653852348	0.0035884039149634006	0.0009960581969243876	0.006505473418237706	1.2488039821802137	-1.6989200247841465	-0.003390292809441753	0.12617357417920694	-0.010924417162213353	0.12702804358556263	5.642176058775568	22	23	-0.01148815711488621	0.309849031956113
0.03119216283873273	0.006543468840314434	0.2873396003840778	0.0015774782653852348	0.0035884039149634006	0.0009960581969243876	0.006505473418237706	1.2488039821802137	-1.6989200247841465	-0.003390292809441753	0.12617357417920694	-0.010924417162213353	0.12702804358556263	5.642176058775568	23	24	-0.01148815711488621	0.309849031956113
0.02392851113048378	0.003870431097286958	0.24448410314612978	0.0014693136878221047	0.005755093777604081	0.0009947049883569647	0.011202754676403082	1.4492930157550732	-0.4982561321568286	-0.04469695711027255	-0.014336940773849366	-0.0024969302851733377	0.09545400898173871	4.433905413891557	24	25	-0.01148815711488621	0.309849031956113
0.02392851113048378	0.003870431097286958	0.24448410314612978	0.0014693136878221047	0.005755093777604081	0.0009947049883569647	0.011202754676403082	1.4492930157550732	-0.4982561321568286	-0.04469695711027255	-0.014336940773849366	-0.0024969302851733377	0.09545400898173871	4.433905413891557	24	25	-0.007262203937437777	0.3047359841502464
0.017257351609412965	0.0009500626574933623	0.24696080172924884	0.0003069753686646415	0.003432901878928085	0.0002681972226783458	0.012036321209425438	1.6392990144258186	0.506768455490469	0.04069399548277208	-0.013828339011661396	-0.015146650547150087	-0.0786335149276839	1.938335816052114	25	26	-0.003076434670733562	0.3016779242335913
0.017257351609412965	0.0009500626574933623	0.24696080172924884	0.0003069753686646415	0.003432901878928085	0.0002681972226783458	0.012036321209425438	1.6392990144258186	0.506768455490469	0.04069399548277208	-0.013828339011661396	-0.015146650547150087	-0.0786335149276839	1.938335816052114	25	26	-0.003076434670733562	0.3016779242335913
0.010593348241652924	-0.0019303393718408696	0.28007828209450736	0.0023057996924928936	0.0035900958117052184	-0.0003106506995473879	0.007185060602051152	1.6825164376818749	1.1496415940144566	0.036785899333441285	0.0018136378825422544	-0.01650194181650036	-0.1435689219636753	0.39506626483893037	26	27	0.0013635855808063514	0.2998393044725744
0.003877357961647768	-0.004249406693464567	0.3060202239322072	0.0027768030145449707	0.003313120417651305	-0.0006933155674380131	0.0042938856031664585	1.6800802670110309	1.4475349102430022	0.009383636291791675	-0.03269842635320053	-0.02144958834724206	-0.14148567463443706	-0.524393587440644	27	28	0.0013635855808063514	0.2998393044725744
0.003877357961647768	-0.004249406693464567	0.3378849349492752	0.002695069405417083	0.002145372812496049	-0.0011309063755637894	0.0016034592793889857	1.6605984184819538	1.7459613426493645	-0.015657898631645573	-0.08261935793163927	-0.021509345608894767	-0.12709672680114104	-1.349324775668031	27	28	0.0066181925805948345	0.2994818088091898
-0.0029964926036240916	-0.005649748026479888	0.3378849349492752	0.002695069405417083	0.002145372812496049	-0.0011309063755637894	0.0016034592793889857	1.6605984184819538	1.7459613426493645	-0.015657898631645573	-0.08261935793163927	-0.021509345608894767	-0.12709672680114104	-1.349324775668031	28	29	0.0066181925805948345	0.2994818088091898
-0.0029964926036240916	-0.005649748026479888	0.4199380011884539	0.0018123632030895287	-0.002626760243648718	-0.0017032190796841817	-0.0030012151952298893	1.5723258921343661	2.3713357863910502	-0.01911424012925017	-0.13686676166049477	-0.004172509867125404	-0.10747551779763806	-2.987389003954333	28	29	0.021231870239912125	0.30284450262971496
-0.010163630311765592	-0.0061590467905727	0.4199380011884539	0.0018123632030895287	-0.002626760243648718	-0.0017032190796841817	-0.0030012151952298893	1.5723258921343661	2.3713357863910502	-0.01911424012925017	-0.13686676166049477	-0.004172509867125404	-0.10747551779763806	-2.987389003954333	29	30	0.021231870239912125	0.30284450262971496
-0.01769268429530071	-0.006074281381006749	0.5287653966328882	0.001613995930613843	-0.007110284597471761	-0.0013668516540059628	-0.007045418720379004	1.4201563555665424	3.0973159637367464	0.005828149470025745	-0.07378060963147803	0.018325826432381634	-0.08746118454639919	-4.490232236466733	29	30	0.03117023847009316	0.30557540506105657
-0.01769268429530071	-0.006074281381006749	0.5287653966328882	0.001613995930613843	-0.007110284597471761	-0.0013668516540059628	-0.007045418720379004	1.4201563555665424	3.0973159637367464	0.005828149470025745	-0.07378060963147803	0.018325826432381634	-0.08746118454639919	-4.490232236466733	30	31	0.03117023847009316	0.30557540506105657
-0.02589714849324611	-0.006198837269407875	0.6769234547513534	0.002242905021603736	-0.008257380439438577	-0.0008435046537682567	-0.009215349022085206	1.2176612791251498	4.421933318446814	-0.004437191606060875	0.007334379373991506	0.018511207133765768	-0.002934304407063139	-5.448748218924307	31	32	0.04534917279701956	0.30646978489689986
-0.02589714849324611	-0.006198837269407875	0.6769234547513534	0.002242905021603736	-0.008257380439438577	-0.0008435046537682567	-0.009215349022085206	1.2176612791251498	4.421933318446814	-0.004437191606060875	0.007334379373991506	0.018511207133765768	-0.002934304407063139	-5.448748218924307	31	32	0.04534917279701956	0.30646978489689986
-0.03059532308326361	-0.005968347886984685	0.8751177593701538	-0.004209089885292894	-0.007201892582545888	0.0005748059573011943	-0.00500356039875971	0.9803390701772536	3.0920515338035237	-0.3721311597703294	0.03547325167569487	0.05268125901943159	0.207781672409347	-8.287527218789384	32	33	0.06433494544600023	0.30387693963088075
-0.026519967618781698	-0.004569885132605135	0.8751177593701538	-0.004209089885292894	-0.007201892582545888	0.0005748059573011943	-0.00500356039875971	0.9803390701772536	3.0920515338035237	-0.3721311597703294	0.03547325167569487	0.05268125901943159	0.207781672409347	-8.287527218789384	32	33	0.06433494544600023	0.30387693963088075
-0.026519967618781698	-0.004569885132605135	0.7160140336131331	-0.013088448610531156	-0.005582256817514342	0.0013291914895114942	0.0006350490477364801	0.3716330120687936	-6.639390139562229	-0.027741187538372403	0.03726574009251071	0.043077322795245565	0.09476611096459062	-17.52767000013903	33	34	0.07834563578129523	0.3020033198001507
-0.013299680139472414	-0.004254929040754623	0.7160140336131331	-0.013088448610531156	-0.005582256817514342	0.0013291914895114942	0.0006350490477364801	0.3716330120687936	-6.639390139562229	-0.027741187538372403	0.03726574009251071	0.043077322795245565	0.09476611096459062	-17.52767000013903	34	35	0.07834563578129523	0.3020033198001507
-0.013299680139472414	-0.004254929040754623	0.7160140336131331	-0.013088448610531156	-0.005582256817514342	0.0013291914895114942	0.0006350490477364801	0.3716330120687936	-6.639390139562229	-0.027741187538372403	0.03726574009251071	0.043077322795245565	0.09476611096459062	-17.52767000013903	34	35	0.08798956449833585	0.30057744166731054
0.009064326778815834	-0.007021260453966168	0.7645406619379118	-0.013290668885364898	-0.04711985571732402	0.007842530012171167	0.00920598354493496	0.0310525580465133	6.658525805882762	0.11084385409525921	-1.214705278035336	0.06809089674113919	0.23279167504187687	0.5210121253629106	35	36	0.08798956449833585	0.30057744166731054
0.009064326778815834	-0.007021260453966168	0.7645406619379118	-0.013290668885364898	-0.04711985571732402	0.007842530012171167	0.00920598354493496	0.0310525580465133	6.658525805882762	0.11084385409525921	-1.214705278035336	0.06809089674113919	0.23279167504187687	0.5210121253629106	35	36	0.08798956449833585	0.30057744166731054
0.025942050061215968	-0.011857708256064067	0.9894514734176765	0.016928901770242977	-0.018566691901360954	0.002584200636109202	0.015060504745986414	-1.4172256132649608e-05	2.197845429210438	0.46208445057909076	1.3289162400702557	-0.20649681302608813	-0.04121480130774047	0.0035424229456000322	36	37	0.07742622647021619	0.3126389987971541
0.03671411081932958	-0.018015459137628895	0.9894514734176765	0.016928901770242977	-0.018566691901360954	0.002584200636109202	0.015060504745986414	-1.4172256132649608e-05	2.197845429210438	0.46208445057909076	1.3289162400702557	-0.20649681302608813	-0.04121480130774047	0.0035424229456000322	37	38	0.07742622647021619	0.3126389987971541
0.03671411081932958	-0.018015459137628895	1.024197843368711	0.013875926169450548	0.017213173201414023	-0.004153560725393746	0.008244371103088177	-2.4840188532770924e-06	-0.4214687719348811	-0.5376007526605036	0.27650802823991005	-0.0977547670982532	-0.29340687240875896	0.0006428884538318691	37	38	0.07288232814968336	0.3147938099141581
0.047612897169027286	-0.024026809912774675	1.0022219218437431	0.002095328564311938	0.015659328672569472	-0.004946037487908228	0.001684466541813201	-2.484264937319125e-06	-1.722545851713577	-0.5708623365069093	-0.34242365071889524	0.00978347696548948	-0.34595158443073254	0.000647709364853144	38	39	0.07085331868413432	0.31499019719259364
0.047612897169027286	-0.024026809912774675	0.9543152276920868	-0.00663654878531128	0.005131850364016088	-0.003961847203466817	-0.004771508031542915	-2.16711184597429e-06	-3.0684613263019385	-0.28907037902382304	-0.6176703763662328	0.07985944226074182	-0.2874919110803117	0.0005870630110957897	38	39	0.07085331868413432	0.31499019719259364
0.058156897032817095	-0.029251150744967556	0.9543152276920868	-0.00663654878531128	0.005131850364016088	-0.003961847203466817	-0.004771508031542915	-2.16711184597429e-06	-3.0684613263019385	-0.28907037902382304	-0.6176703763662328	0.07985944226074182	-0.2874919110803117	0.0005870630110957897	39	40	0.07134753189146884	0.3134368731789293
0.0713408378527089	-0.033292083661326674	0.7578286843657551	-0.008710877678212103	-0.018081840137648797	0.0006200443944903711	-0.009728900128943785	-2.532443262648343e-06	-5.559684917940486	0.1499323241833298	-0.2666857382551819	0.0487240456815084	0.06935905770375339	0.0006325247776111098	39	40	0.07134753189146884	0.3134368731789293
0.0713408378527089	-0.033292083661326674	0.7578286843657551	-0.008710877678212103	-0.018081840137648797	0.0006200443944903711	-0.009728900128943785	-2.532443262648343e-06	-5.559684917940486	0.1499323241833298	-0.2666857382551819	0.0487240456815084	0.06935905770375339	0.0006325247776111098	40	41	0.07172360089104232	0.3103604133337704
0.08731418964693208	-0.036149855572857756	0.52788372120839	-0.0005572622956990791	-0.013456784347178008	0.001154216721975132	-0.00023039903451405053	-1.0905638679670204e-05	-5.680639151298308	0.1785608031975765	0.3713694636852964	-0.0314281489929194	0.33910297109273363	0.0026112816264221017	41	42	0.07172360089104232	0.3103604133337704
0.08731418964693208	-0.036149855572857756	0.52788372120839	-0.0005572622956990791	-0.013456784347178008	0.001154216721975132	-0.00023039903451405053	-1.0905638679670204e-05	-5.680639151298308	0.1785608031975765	0.3713694636852964	-0.0314281489929194	0.33910297109273363	0.0026112816264221017	41	42	0.07479412797400184	0.30487573719587147
0.10406677234398698	-0.03897340360530272	0.2999114592679071	0.0041155082139705534	0.00030731509993575656	-0.0009037319676075128	0.013048555872440915	-4.143737200035247e-06	-5.664947521852692	0.028762673637120817	0.1918945756647482	-0.03765372261458105	0.27225036163809885	0.0009217214977844945	42	43	0.07479412797400184	0.30487573719587147
0.1209178845954692	-0.042620232184233386	0.2999114592679071	0.0041155082139705534	0.00030731509993575656	-0.0009037319676075128	0.013048555872440915	-4.143737200035247e-06	-5.664947521852692	0.028762673637120817	0.1918945756647482	-0.03765372261458105	0.27225036163809885	0.0009217214977844945	42	43	0.07479412797400184	0.30487573719587147
0.1209178845954692	-0.042620232184233386	0.2999114592679071	0.0041155082139705534	0.00030731509993575656	-0.0009037319676075128	0.013048555872440915	-4.143737200035247e-06	-5.664947521852692	0.028762673637120817	0.1918945756647482	-0.03765372261458105	0.27225036163809885	0.0009217214977844945	43	44	0.09480911224453673	0.28814434669420763
0.00027624447837446036	0.00013681164465690712	0.1939918125193385	0.003868764478585529	-0.028364721385909064	-0.0013457928870170832	0.013060046980754692	0.004333710825263015	3.176212781754522	-0.048427757957757556	-0.879525228941475	-0.004677493209595485	-0.2505217123476873	0.5091310704281247	44	45	0.09480911224453673	0.28814434669420763
0.00027624447837446036	0.00013681164465690712	-6.8923460530001535e-06	2.5129193016670826e-05	5.3862499296286614e-06	3.441773154388983e-05	-1.4878142141405704e-05	-1.755152845950292e-05	0.0	-0.012365536830799988	0.0	0.0	0.008941919266456027	0.0	44	45	0.00017542701815551412	0.2976981625608721
0.0006603084895421038	0.0008758292302964599	-6.8923460530001535e-06	2.5129193016670826e-05	5.3862499296286614e-06	3.441773154388983e-05	-1.4878142141405704e-05	-1.755152845950292e-05	0.0	-0.012365536830799988	0.0	0.0	0.008941919266456027	0.0	0	0	0.00010876149674045321	0.2942786905004323
0.0006603084895421038	0.0008758292302964599	0.11299839310961257	-0.0006118533457111219	-0.0008311881523841436	-0.0037906591118082034	0.005914543672352224	0.02589724759574752	4.382234973280877	-0.0005604237207899321	0.0037769048591719395	-0.0779587555120745	0.20774310344418534	0.7097679614722505	0	0	0.00010876149674045321	0.2942786905004323
0.0033203602758152453	0.003665736610110277	0.11299839310961257	-0.0006118533457111219	-0.0008311881523841436	-0.0037906591118082034	0.005914543672352224	0.02589724759574752	4.382234973280877	-0.0005604237207899321	0.0037769048591719395	-0.0779587555120745	0.20774310344418534	0.7097679614722505	1	1	0.0058130649186108885	0.2966607548281516
0.00941647206902935	0.005921063087185914	0.11299839310961257	-0.0006118533457111219	-0.0008311881523841436	-0.0037906591118082034	0.005914543672352224	0.02589724759574752	4.382234973280877	-0.0005604237207899321	0.0037769048591719395	-0.0779587555120745	0.20774310344418534	0.7097679614722505	2	2	0.0058130649186108885	0.2966607548281516
0.00941647206902935	0.005921063087185914	0.28421548679889597	-0.003418747799018629	-0.0012503807101156283	-0.002897712308399747	0.010926869200223344	0.006517670682868459	5.2791080102118055	-0.015334992141263937	-0.010918225139069183	0.013813800854337255	0.058123021692499666	-0.8667888150218928	2	2	0.016878702992844725	0.29788123413657325
0.009520309126276216	0.008054750557845733	0.28421548679889597	-0.003418747799018629	-0.0012503807101156283	-0.002897712308399747	0.010926869200223344	0.006517670682868459	5.2791080102118055	-0.015334992141263937	-0.010918225139069183	0.013813800854337255	0.058123021692499666	-0.8667888150218928	3	3	0.016878702992844725	0.29788123413657325
0.009520309126276216	0.008054750557845733	0.7075886231765782	0.01159491075823249	0.0018032335665898458	0.0026753961024725825	0.008014894952501628	0.03373399063762372	6.257404889584245	-0.18210497782682158	0.00012843700557087917	0.28529645987650837	-0.21469484847715856	6.112475632819919	3	3	0.035725842835250966	0.29532141537215556
0.011242149854012127	0.008217546133454524	0.7075886231765782	0.01159491075823249	0.0018032335665898458	0.0026753961024725825	0.008014894952501628	0.03373399063762372	6.257404889584245	-0.18210497782682158	0.00012843700557087917	0.28529645987650837	-0.21469484847715856	6.112475632819919	4	4	0.035725842835250966	0.29532141537215556
0.0204005666184933	0.006602185384127245	0.6080204418611155	-0.00928395106829738	0.009138629535042853	0.007358698799955654	-0.008104706437095821	-0.00044249730979961654	-4.342973601920314	-0.3699723783289699	0.2264726349180122	-0.08021041152740509	-0.43948123392220195	0.11222755028049491	4	4	0.05623911817697193	0.2875749143885811
0.0204005666184933	0.006602185384127245	0.5040300924785202	-0.009618322054163908	0.01312075653181477	0.005006191241208491	-0.016766865099703487	-4.444056850072542e-06	-5.571532610130408	0.2981288653324398	0.17715983285432155	-0.15768598292578268	-0.40132082951192033	0.0003900533171258269	5	5	0.05623911817697193	0.2875749143885811
0.022551023439939952	0.00687168670676374	0.40892663503043014	0.0012896067415231194	0.01366107566836039	0.0006970272725554949	-0.02224961617626331	0.00414828770053477	-2.27740933740592	0.6806140658972684	-0.14696426842015117	-0.27134442483854715	-0.13916578027929566	1.1823514275004667	6	6	0.05623911817697193	0.2875749143885811
0.022551023439939952	0.00687168670676374	0.40892663503043014	0.0012896067415231194	0.01366107566836039	0.0006970272725554949	-0.02224961617626331	0.00414828770053477	-2.27740933740592	0.6806140658972684	-0.14696426842015117	-0.27134442483854715	-0.13916578027929566	1.1823514275004667	6	6	0.06528754463522442	0.2839726415926183
0.01858354184303661	0.009425090243778024	0.37311056777072515	0.01980620236751962	0.01128408406307635	-0.007906592382281197	-0.017783602134300303	0.11843338599187492	-1.5314315795172382	0.008638185411128402	0.3807168745472175	-0.038917696733476434	0.2793008161932603	4.555555218892424	7	7	0.06528754463522442	0.2839726415926183
0.01681576914767804	0.0126033223289135	0.37311056777072515	0.01980620236751962	0.01128408406307635	-0.007906592382281197	-0.017783602134300303	0.11843338599187492	-1.5314315795172382	0.008638185411128402	0.3807168745472175	-0.038917696733476434	0.2793008161932603	4.555555218892424	7	7	0.06528754463522442	0.2839726415926183
0.01681576914767804	0.0126033223289135	0.2828779951610443	0.0008533726144333009	0.0306273658374403	-0.004816093211664985	-0.0019820938890449114	0.31341260589117015	-2.904814160709726	-0.5748311513277733	0.33187142876164893	0.14316361629757673	0.4842921486040437	4.643625865442729	8	8	0.07413653077330308	0.2905052735583079
0.015237374444992288	0.015960438231748413	0.2828779951610443	0.0008533726144333009	0.0306273658374403	-0.004816093211664985	-0.0019820938890449114	0.31341260589117015	-2.904814160709726	-0.5748311513277733	0.33187142876164893	0.14316361629757673	0.4842921486040437	4.643625865442729	9	9	0.07413653077330308	0.2905052735583079
0.015237374444992288	0.015960438231748413	0.1490865468478635	-0.00794649219535648	0.029410899093372578	0.0021138516337222413	0.017263112228212307	0.49504563069503194	-3.6450211250431663	0.13535939662612143	-0.27928191257806806	0.1535646571524318	0.4359033619662086	4.8666038754496235	9	9	0.08523275857925824	0.2958787755824634
0.011776803292802394	0.018312888256038617	0.1490865468478635	-0.00794649219535648	0.029410899093372578	0.0021138516337222413	0.017263112228212307	0.49504563069503194	-3.6450211250431663	0.13535939662612143	-0.27928191257806806	0.1535646571524318	0.4359033619662086	4.8666038754496235	10	10	0.08523275857925824	0.2958787755824634
0.011776803292802394	0.018312888256038617	0.1490865468478635	-0.00794649219535648	0.029410899093372578	0.0021138516337222413	0.017263112228212307	0.49504563069503194	-3.6450211250431663	0.13535939662612143	-0.27928191257806806	0.1535646571524318	0.4359033619662086	4.8666038754496235	10	10	0.1004876346750431	0.298389889723726
0.0074158141217868815	0.019109997807767586	-0.037347186841277136	0.0033565652883269514	0.016533125353378253	0.0044566094094440345	0.029392204128523503	0.6437114343567321	-6.2520401135765855	0.275931687918739	-0.3354832968761267	-0.03768625195722043	0.14537943956310678	-1.7047331404213326	11	11	0.1004876346750431	0.298389889723726
0.006543518377165415	0.01716849888961599	-0.037347186841277136	0.0033565652883269514	0.016533125353378253	0.0044566094094440345	0.029392204128523503	0.6437114343567321	-6.2520401135765855	0.275931687918739	-0.3354832968761267	-0.03768625195722043	0.14537943956310678	-1.7047331404213326	12	12	0.14153695183084664	0.28105430160575356
0.006543518377165415	0.01716849888961599	-0.15265488809464944	0.001788774298786766	-0.0008965108554530588	0.002737867442931474	0.028116078022940805	0.6772389491522053	0.992592368160544	-0.3092204788653435	-0.3661578148743728	-0.04860311497373468	-0.21084889172214713	7.61680734050645	12	12	0.14153695183084664	0.28105430160575356
0.012589042620114706	0.016591036177370306	-0.15265488809464944	0.001788774298786766	-0.0008965108554530588	0.002737867442931474	0.028116078022940805	0.6772389491522053	0.992592368160544	-0.3092204788653435	-0.3661578148743728	-0.04860311497373468	-0.21084889172214713	7.61680734050645	13	13	0.14153695183084664	0.28105430160575356
0.012589042620114706	0.016591036177370306	-0.17660629747852408	-0.003970413500482106	-0.002192334441941668	-0.0018638665794101783	0.010185129534353798	1.092256714586361	-0.24056640969078247	0.24622809655654054	0.19555423833741067	-0.04553918848685914	-0.4069860019228738	5.981385971924512	13	13	0.15322507055880033	0.28843573751742996
0.017773185060613757	0.016192222763533912	-0.17660629747852408	-0.003970413500482106	-0.002192334441941668	-0.0018638665794101783	0.010185129534353798	1.092256714586361	-0.24056640969078247	0.24622809655654054	0.19555423833741067	-0.04553918848685914	-0.4069860019228738	5.981385971924512	14	14	0.15322507055880033	0.28843573751742996
0.020127044997703316	0.01868466369187604	-0.19124412732149043	0.00774170418592357	0.00505752549830607	-0.0037536419859725	-0.004256665385612202	1.0900657848499695	0.17182936835056417	0.21995121953030167	0.10139513138262995	-0.05943522000305301	-0.2652929200940749	-5.940570932645042	14	14	0.15322507055880033	0.28843573751742996
0.020127044997703316	0.01868466369187604	-0.14815364339095538	0.008630926613146794	0.0047029038132109235	-0.0041330342852639035	-0.007496638382204601	1.020979701734254	4.585598744492553	-0.2239457947085909	-0.17263807324177144	0.060482032622626414	-0.034152139988949726	4.140508853349834	15	15	0.15871739926763948	0.2913047658053134
0.024574782436335964	0.023189247042998996	-0.0449051947084369	0.0027624652883360135	0.000543355841395865	-0.0035306676492785627	-0.006987349709969948	1.1015226703303367	5.685064998149441	-0.3183414589512174	-0.21807784885857112	0.02978087393021256	0.06760952634647824	3.993768852198855	16	16	0.15871739926763948	0.2913047658053134
0.024574782436335964	0.023189247042998996	-0.0449051947084369	0.0027624652883360135	0.000543355841395865	-0.0035306676492785627	-0.006987349709969948	1.1015226703303367	5.685064998149441	-0.3183414589512174	-0.21807784885857112	0.02978087393021256	0.06760952634647824	3.993768852198855	16	16	0.1622260960089894	0.2860822754904739
0.029337402082820783	0.028843727387729938	0.1708845605614595	-0.0052133092267330206	-0.004998663671969439	-0.00048707868240072116	-0.003079752236704536	1.2090901711751116	5.388564679367856	-0.020609173055575497	-0.03262421582615868	0.08543308768512392	0.09421572572165238	1.6953099230263557	17	17	0.1622260960089894	0.2860822754904739
0.03479653537191685	0.03535019721483039	0.1708845605614595	-0.0052133092267330206	-0.004998663671969439	-0.00048707868240072116	-0.003079752236704536	1.2090901711751116	5.388564679367856	-0.020609173055575497	-0.03262421582615868	0.08543308768512392	0.09421572572165238	1.6953099230263557	17	17	0.16520802229952647	0.27134829684424433
0.03479653537191685	0.03535019721483039	0.34209431655023526	0.0008003958797773159	-0.0024697308454966205	0.002218037694853514	0.000182423031667156	1.1852338614399671	3.3842098297778533	0.3018255207263263	0.09107178920053316	-0.09072869320491661	0.00840446449440213	-2.5939379619442104	18	0	0.16520802229952647	0.27134829684424433
0.039796859655530384	0.04019403248960718	0.34209431655023526	0.0008003958797773159	-0.0024697308454966205	0.002218037694853514	0.000182423031667156	1.1852338614399671	3.3842098297778533	0.3018255207263263	0.09107178920053316	-0.09072869320491661	0.00840446449440213	-2.5939379619442104	19	1	0.16724806385731794	0.2568512149213779
0.039796859655530384	0.04019403248960718	0.46732024226058133	0.0085655027207312	-0.0026538040113495143	0.0026111861841773276	-0.0028434596008093393	1.024782627948547	3.345226933085624	-0.09036190913443115	-0.11098265125567042	0.014963186557709424	-0.11253456207039539	-4.996954169476298	19	1	0.16724806385731794	0.2568512149213779
0.04728510264693678	0.043121888432493136	0.46732024226058133	0.0085655027207312	-0.0026538040113495143	0.0026111861841773276	-0.0028434596008093393	1.024782627948547	3.345226933085624	-0.09036190913443115	-0.11098265125567042	0.014963186557709424	-0.11253456207039539	-4.996954169476298	20	2	0.17213878851896064	0.26425737611893957
0.04728510264693678	0.043121888432493136	0.46732024226058133	0.0085655027207312	-0.0026538040113495143	0.0026111861841773276	-0.0028434596008093393	1.024782627948547	3.345226933085624	-0.09036190913443115	-0.11098265125567042	0.014963186557709424	-0.11253456207039539	-4.996954169476298	20	2	0.1780422202450475	0.26688603296332125
0.05762124656622403	0.04441641395943236	0.641686398596991	-0.003333138597188867	-0.009615939184649314	0.0019084574408374522	-0.007425677879659531	0.8133044133191505	5.644027316862582	-0.30604009756941386	-0.18735576376135726	-0.02281875253411554	-0.10123938273497723	-5.0834634452866325	21	0	0.1780422202450475	0.26688603296332125
0.06287609320422684	0.04430223125001678	0.641686398596991	-0.003333138597188867	-0.009615939184649314	0.0019084574408374522	-0.007425677879659531	0.8133044133191505	5.644027316862582	-0.30604009756941386	-0.18735576376135726	-0.02281875253411554	-0.10123938273497723	-5.0834634452866325	22	1	0.1829718822390249	0.2743094645647383
0.06287609320422684	0.04430223125001678	0.7880257588095585	0.0005029830978515726	-0.013973519457623595	0.0013497409474814148	-0.012519712572709452	0.6549606756642583	1.390811864488258	0.44733995610236815	0.010956829790886635	-0.038729467084551085	-0.16938023744823894	-4.094029179859492	22	1	0.1829718822390249	0.2743094645647383
0.059278948600142024	0.043949604553112295	0.7880257588095585	0.0005029830978515726	-0.013973519457623595	0.0013497409474814148	-0.012519712572709452	0.6549606756642583	1.390811864488258	0.44733995610236815	0.010956829790886635	-0.038729467084551085	-0.16938023744823894	-4.094029179859492	23	2	0.1829718822390249	0.2743094645647383
0.059278948600142024	0.043949604553112295	0.8389123905382974	0.019272709474202454	-0.014345544055022863	0.00020449500562413903	-0.017222357238683372	0.42332904044245234	4.2910447035986925	-0.10679914366999932	-0.3689709093476966	-0.04344088000726652	0.08472333148211006	-2.7533642472096633	23	2	0.18829714982097204	0.27988672312780755
0.048393586052933646	0.04422633200598519	0.8389123905382974	0.019272709474202454	-0.014345544055022863	0.00020449500562413903	-0.017222357238683372	0.42332904044245234	4.2910447035986925	-0.10679914366999932	-0.3689709093476966	-0.04344088000726652	0.08472333148211006	-2.7533642472096633	24	3	0.18829714982097204	0.27988672312780755
0.02939162682710261	0.04593753641313479	1.0069832860137558	0.009887846374037945	-0.019748925135856688	-0.0018033282307801102	-0.008022539660252015	0.39980935820997887	5.349034835143495	-0.28182327560598464	0.09401024267927016	0.0015302946765076153	0.3905777741304186	4.451341222671454	24	3	0.18949106789369952	0.2840694266239617
0.02939162682710261	0.04593753641313479	1.1060256649925035	0.005516998711273313	-0.014868285285010607	-0.0017090153658720908	0.0010078545642464576	0.5051748138861218	4.364491064661803	-0.143396835169884	0.3565558266301897	0.012172698772062202	0.4929765651758014	5.494452046044027	25	4	0.18949106789369952	0.2840694266239617
0.002887828732866131	0.04777487138037818	1.1679148776093493	0.004880600097938004	-0.006409086388788232	-0.0011703785353667229	0.010591132074901921	0.6123392266307115	1.4187570972415442	0.09653334042547357	0.45706379346624837	0.058216213213692164	0.4393585165594275	5.425915386757281	26	5	0.19218944862749796	0.2800502048234631
0.002887828732866131	0.04777487138037818	1.1679148776093493	0.004880600097938004	-0.006409086388788232	-0.0011703785353667229	0.010591132074901921	0.6123392266307115	1.4187570972415442	0.09653334042547357	0.45706379346624837	0.058216213213692164	0.4393585165594275	5.425915386757281	26	5	0.19218944862749796	0.2800502048234631
-0.03280453566114764	0.0489088193023625	1.1376159371617502	0.014038504096333337	0.006929024330043276	0.00047152776716163913	0.01977955640086293	0.8220838457222226	-2.320564896440061	0.23270467379051896	0.08683590355564341	0.04725985159534035	0.023920033392969886	5.155094204741917	27	6	0.196022717708114	0.28412295897699075
-0.07808905089607426	0.049745643979796146	1.1376159371617502	0.014038504096333337	0.006929024330043276	0.00047152776716163913	0.01977955640086293	0.8220838457222226	-2.320564896440061	0.23270467379051896	0.08683590355564341	0.04725985159534035	0.023920033392969886	5.155094204741917	27	6	0.20038295169637152	0.28691248576423833
-0.07808905089607426	0.049745643979796146	0.9289366809831874	0.016863196810369185	0.000980991876092574	0.0007264481754232222	0.012442873480171812	0.8489527761799374	-6.577141818759859	-0.13414739984120017	-0.2601320034401918	-0.01809662672643808	-0.3164868527737637	-3.515161320813677	28	7	0.20038295169637152	0.28691248576423833
-0.1278830940571986	0.05030502868416168	0.9289366809831874	0.016863196810369185	0.000980991876092574	0.0007264481754232222	0.012442873480171812	0.8489527761799374	-6.577141818759859	-0.13414739984120017	-0.2601320034401918	-0.01809662672643808	-0.3164868527737637	-3.515161320813677	29	8	0.20038295169637152	0.28691248576423833
-0.1278830940571986	0.05030502868416168	0.9289366809831874	0.016863196810369185	0.000980991876092574	0.0007264481754232222	0.012442873480171812	0.8489527761799374	-6.577141818759859	-0.13414739984120017	-0.2601320034401918	-0.01809662672643808	-0.3164868527737637	-3.515161320813677	29	8	0.20357570265162606	0.28893239327251585
-0.17009238363214915	0.04888520583688547	0.6197645162099841	-0.00220162190819595	-0.01326168110648318	0.003198604247102388	0.0031188447474237435	0.798300469150695	-6.22422510222758	-0.7141635666521728	-0.7626240717581487	0.1378970383352276	0.033056675980985994	1.4563646822508935	30	9	0.20357570265162606	0.28893239327251585
-0.17009238363214915	0.04888520583688547	0.6197645162099841	-0.00220162190819595	-0.01326168110648318	0.003198604247102388	0.0031188447474237435	0.798300469150695	-6.22422510222758	-0.7141635666521728	-0.7626240717581487	0.1378970383352276	0.033056675980985994	1.4563646822508935	30	9	0.19714867682804865	0.2947731972395152
-0.20572982789096084	0.04702066557646882	0.08546454975820605	-0.014750839648986602	-0.02997603093698409	0.0031265794682147074	0.01423552831445729	0.6781899405255758	-8.890684201181445	0.37614612719616325	0.686098784461399	-0.08070639525292664	0.13835868315458388	-3.2954683773287248	31	10	0.19714867682804865	0.2947731972395152
-0.23774218526365257	0.0442249995248628	0.08546454975820605	-0.014750839648986602	-0.02997603093698409	0.0031265794682147074	0.01423552831445729	0.6781899405255758	-8.890684201181445	0.37614612719616325	0.686098784461399	-0.08070639525292664	0.13835868315458388	-3.2954683773287248	32	11	0.16569416191098482	0.3093497023282329
-0.23774218526365257	0.0442249995248628	-0.159110046711052	-5.656087521233033e-05	0.004928648355805976	-0.00047474749794407245	0.017706985039350087	0.5988963755324623	-3.8710871501912965	0.12686829388826748	0.6475205806380016	-0.06947323844086167	0.09437367583881823	-1.279607721637875	32	11	0.16569416191098482	0.3093497023282329
-0.0003398533744355036	-3.588467270267676e-05	0.0015848832535247936	0.00028715973305137865	0.00020160402865876392	-0.000217515073871688	7.229449477375027e-05	0.0009754686938596713	0.8093730678673927	0.048357961384416746	0.1069911561372913	-0.08570053861784115	0.03212280840633311	0.21013720164774985	33	12	0.0005404492820188442	0.29577317158684746
-0.0003398533744355036	-3.588467270267676e-05	0.0006493875284254713	0.00011627870393882134	1.8191009258927693e-05	-0.00010517425194311869	9.363089525038504e-06	0.0002475022977974639	0.647961929317313	0.11530638518475358	0.018263217559765045	-0.10457942680400549	0.00932947417654718	0.24509371863738622	33	12	0.0009628206349621728	0.2939589204745758
-0.002787826712540007	0.0005286349799059927	0.0006493875284254713	0.00011627870393882134	1.8191009258927693e-05	-0.00010517425194311869	9.363089525038504e-06	0.0002475022977974639	0.647961929317313	0.11530638518475358	0.018263217559765045	-0.10457942680400549	0.00932947417654718	0.24509371863738622	0	0	0.0009628206349621728	0.2939589204745758
-0.01041431187907686	0.002751899193217394	0.20364961162279993	0.012076700639749749	-0.0010920721914491338	-0.002335869649867206	0.002284502959843948	-8.150252779737244e-05	6.594631550716839	0.03628112759222213	-0.025875992906752406	0.05825150208107538	0.08640643186085498	0.020171105695286684	1	1	0.0053946316814202575	0.2960390385330145
-0.01041431187907686	0.002751899193217394	0.20364961162279993	0.012076700639749749	-0.0010920721914491338	-0.002335869649867206	0.002284502959843948	-8.150252779737244e-05	6.594631550716839	0.03628112759222213	-0.025875992906752406	0.05825150208107538	0.08640643186085498	0.020171105695286684	1	1	0.0053946316814202575	0.2960390385330145
-0.010033984085066932	0.00644565573727546	0.4655834998102355	-0.004040377569549225	-0.0016612543715996964	-0.000315672824826585	0.007109149176854679	0.004800354268969631	6.04223186139419	-0.6076432995233331	-0.000981950248322011	0.06552685297100258	0.1275135737904643	0.7954024964367488	2	2	0.0053946316814202575	0.2960390385330145
-0.010033984085066932	0.00644565573727546	0.4655834998102355	-0.004040377569549225	-0.0016612543715996964	-0.000315672824826585	0.007109149176854679	0.004800354268969631	6.04223186139419	-0.6076432995233331	-0.000981950248322011	0.06552685297100258	0.1275135737904643	0.7954024964367488	2	2	-0.0017077991698918743	0.3005127516157711
-0.004326315859657361	0.008842985078042789	0.4872210610708443	-0.013750364918566849	-0.001128950938908524	0.002379816867469131	0.0074540469755817185	0.00852810335093368	2.300146570485995	0.5422629332618111	-0.04320191652963322	-0.033192332723530706	-0.13560622202274317	1.102051295105054	3	3	-0.0017077991698918743	0.3005127516157711
-0.005894320647886273	0.00908986096317335	0.4872210610708443	-0.013750364918566849	-0.001128950938908524	0.002379816867469131	0.0074540469755817185	0.00852810335093368	2.300146570485995	0.5422629332618111	-0.04320191652963322	-0.033192332723530706	-0.13560622202274317	1.102051295105054	3	3	-0.017535202061123627	0.3021431505739745
-0.005894320647886273	0.00908986096317335	0.6594646011999519	0.01211948196458179	-0.0024906262019497305	0.002705212236726595	0.0008711180106732996	0.10465689875241102	4.104299703462708	0.3674410529549427	0.009302283051501659	-0.057251028023662616	-0.13880096932942962	1.9830516415559556	4	4	-0.017535202061123627	0.3021431505739745
-0.0067055135076453005	0.008918270485371641	0.6594646011999519	0.01211948196458179	-0.0024906262019497305	0.002705212236726595	0.0008711180106732996	0.10465689875241102	4.104299703462708	0.3674410529549427	0.009302283051501659	-0.057251028023662616	-0.13880096932942962	1.9830516415559556	5	5	-0.02344922880843494	0.2981072537310926
-0.0067055135076453005	0.008918270485371641	0.6594646011999519	0.01211948196458179	-0.0024906262019497305	0.002705212236726595	0.0008711180106732996	0.10465689875241102	4.104299703462708	0.3674410529549427	0.009302283051501659	-0.057251028023662616	-0.13880096932942962	1.9830516415559556	5	5	-0.02344922880843494	0.2981072537310926
-0.0054154722804761425	0.008879338695986758	0.8575030028262001	0.008890514224251245	-0.0009050808227915041	-0.0011950903601629648	-0.0013575467792152907	0.16888642168896206	5.191053825191764	-0.396243580561799	0.05534969838096193	-0.0751814467844199	0.014027063073443284	0.7826325924238209	6	6	-0.025518139233740668	0.2974413580075229
-0.0054154722804761425	0.008879338695986758	0.8575030028262001	0.008890514224251245	-0.0009050808227915041	-0.0011950903601629648	-0.0013575467792152907	0.16888642168896206	5.191053825191764	-0.396243580561799	0.05534969838096193	-0.0751814467844199	0.014027063073443284	0.7826325924238209	6	6	-0.033342408161278606	0.30288067229702553
0.0017194448734308533	0.007362754812503769	0.9811620243561494	-0.013184424600733546	-0.03589684895328116	0.0020428923706710123	-0.0016400000250182956	0.0494311729991499	-0.423803169509656	0.09638145560876288	-0.019395173163159862	0.027606574414372143	0.07120621020519068	-3.7899319952890944	7	7	-0.033342408161278606	0.30288067229702553
0.006492620841094755	0.005939490443224411	0.9811620243561494	-0.013184424600733546	-0.03589684895328116	0.0020428923706710123	-0.0016400000250182956	0.0494311729991499	-0.423803169509656	0.09638145560876288	-0.019395173163159862	0.027606574414372143	0.07120621020519068	-3.7899319952890944	8	8	-0.033342408161278606	0.30288067229702553
0.006492620841094755	0.005939490443224411	1.00866295230289	0.007307357996723329	-0.012905692769862753	0.0010906001427777312	0.004876789428492678	-1.078206618876365e-05	1.0422358462735364	0.6575662347931253	0.8620389430452831	-0.06876504084764368	0.21281192875700802	0.0027098191792689352	8	8	-0.04354525613338836	0.30770797090737023
0.004357994120175446	0.005764289138665374	1.023018159230931	0.017815708400913177	0.0019717222219401975	-0.0007091014124629424	0.008801018768039626	-1.521042295227204e-06	0.36012692156435955	0.36448565055664894	0.5932278901553522	-0.10284041826012494	0.1697082080884258	0.00046514623511073605	9	9	-0.04354525613338836	0.30770797090737023
0.004357994120175446	0.005764289138665374	1.023017697852306	0.020648349422148993	0.008712723753738771	-0.002601170113237572	0.011278320716817447	-1.8104230110616015e-06	-0.3282402066997619	-0.06160493708019765	0.1128027827941427	-0.07640175428542031	0.0778176705420997	0.0003812303900765368	9	9	-0.050964158084693664	0.31112101439150974
-0.003413399925093149	0.006374130024780212	1.023017697852306	0.020648349422148993	0.008712723753738771	-0.002601170113237572	0.011278320716817447	-1.8104230110616015e-06	-0.3282402066997619	-0.06160493708019765	0.1128027827941427	-0.07640175428542031	0.0778176705420997	0.0003812303900765368	10	10	-0.050964158084693664	0.31112101439150974
-0.013728431685025048	0.007402345024920825	0.995152206231201	0.00691000794174057	-0.0011309832420689503	-0.0033763676759814842	0.01061430764474558	-2.9613413885520856e-06	-0.9118943920155246	-0.49342315270536174	-0.40329815724010293	0.039302855419769855	-0.08784573169414675	0.0007188362290441175	10	10	-0.05928089920922054	0.31224199113441703
-0.013728431685025048	0.007402345024920825	0.995152206231201	0.00691000794174057	-0.0011309832420689503	-0.0033763676759814842	0.01061430764474558	-2.9613413885520856e-06	-0.9118943920155246	-0.49342315270536174	-0.40329815724010293	0.039302855419769855	-0.08784573169414675	0.0007188362290441175	11	11	-0.05928089920922054	0.31224199113441703
-0.0216673459456675	0.008481316786580725	0.9641891229707982	-0.010675575608520393	-0.01122129504267555	-0.0009956642175090735	0.005746623762592051	-3.089042086568128e-06	-0.3784482953588564	-0.1873048633117277	-0.05712757070445518	0.07556275782530208	-0.15610646015316715	0.000751595790402626	12	12	-0.05914768499019474	0.3108541510143071
-0.0216673459456675	0.008481316786580725	0.9641891229707982	-0.010675575608520393	-0.01122129504267555	-0.0009956642175090735	0.005746623762592051	-3.089042086568128e-06	-0.3784482953588564	-0.1873048633117277	-0.05712757070445518	0.07556275782530208	-0.15610646015316715	0.000751595790402626	12	12	-0.056578834697788946	0.3091815994291377
-0.024220121690025718	0.008616724099274026	0.9159607215341117	-0.010651561103267593	-0.010447362228607204	0.0030575426113159665	-0.0020292186799562018	0.002919431289817087	-3.975383467483936	0.08848645882840102	0.049388961054725816	0.10994853169732605	-0.24010858963502055	-1.8358547772459277	13	13	-0.056578834697788946	0.3091815994291377
-0.02134193517736859	0.00809039571586524	0.9159607215341117	-0.010651561103267593	-0.010447362228607204	0.0030575426113159665	-0.0020292186799562018	0.002919431289817087	-3.975383467483936	0.08848645882840102	0.049388961054725816	0.10994853169732605	-0.24010858963502055	-1.8358547772459277	13	13	-0.056578834697788946	0.3091815994291377
-0.02134193517736859	0.00809039571586524	0.8480005245606588	-0.0013655060408637176	-0.005224876719275073	0.0004867415516693896	-0.009292060324755269	0.016758711586124964	0.6283349872970627	0.25595185049932223	0.1998335354661021	-0.1380589891226259	-0.10170843900521324	1.0147492588313334	14	14	-0.05448988669982706	0.3069498369250462
-0.014343322289833668	0.008474258570604616	0.8480005245606588	-0.0013655060408637176	-0.005224876719275073	0.0004867415516693896	-0.009292060324755269	0.016758711586124964	0.6283349872970627	0.25595185049932223	0.1998335354661021	-0.1380589891226259	-0.10170843900521324	1.0147492588313334	15	15	-0.05448988669982706	0.3069498369250462
-0.014343322289833668	0.008474258570604616	0.8480005245606588	-0.0013655060408637176	-0.005224876719275073	0.0004867415516693896	-0.009292060324755269	0.016758711586124964	0.6283349872970627	0.25595185049932223	0.1998335354661021	-0.1380589891226259	-0.10170843900521324	1.0147492588313334	15	15	-0.04513607355225299	0.3031954139506164
0.0048053742525368615	0.009226103251997528	0.9196602322447669	-0.002574762273992004	-0.002527870362227347	-0.0027597412952626854	-0.010375890571069135	0.08403788083284125	1.4040327567124984	-0.3346020061313738	-0.03277915752894506	0.006267269667585791	0.050881093830974625	0.7148130717599519	16	16	-0.04513607355225299	0.3031954139506164
0.0048053742525368615	0.009226103251997528	0.9196602322447669	-0.002574762273992004	-0.002527870362227347	-0.0027597412952626854	-0.010375890571069135	0.08403788083284125	1.4040327567124984	-0.3346020061313738	-0.03277915752894506	0.006267269667585791	0.050881093830974625	0.7148130717599519	16	16	-0.029372735536932343	0.30036771024694797
0.03422309728836532	0.010646573868309916	0.9751072334053177	-0.016100313582989134	0.00255299502068862	-0.0008218369041879114	0.002392560839240332	0.009007761168323025	1.4197376161044817	0.212793870665289	0.056560200361177926	0.07938892437886275	0.29502903426277394	-1.289192398896519	17	17	-0.029372735536932343	0.30036771024694797
0.0700244415278082	0.012980226611694902	0.9751072334053177	-0.016100313582989134	0.00255299502068862	-0.0008218369041879114	0.002392560839240332	0.009007761168323025	1.4197376161044817	0.212793870665289	0.056560200361177926	0.07938892437886275	0.29502903426277394	-1.289192398896519	18	18	-0.029372735536932343	0.30036771024694797
0.0700244415278082	0.012980226611694902	0.9737938342975401	-0.0016064505940920348	0.0004179476582999442	0.0007886869301119148	0.013723312295979007	-1.4045600500445232e-06	-0.6990607149310584	0.436308880308947	-0.16648567343261284	-0.02601255019264223	0.2580865642692815	7.8343544498094e-05	18	18	-0.025028632965636427	0.2989241661961327
0.10812595997329882	0.01702448958679041	0.9666174301854031	0.005661150130619408	-0.003569056700293949	-8.681387260534024e-05	0.01855639614044602	-9.277559285258974e-07	-0.06542794159732879	0.2582126690638451	-0.21314453954845264	-0.050658262617785665	0.22635998492548037	-0.00017583903627493846	19	19	-0.022544279387414847	0.2975459334527714
0.10812595997329882	0.01702448958679041	0.9697976497554022	0.007757043249285278	-0.007516842955596736	-0.0011806547294375136	0.02262042450932089	-1.0963746928105422e-06	0.30070453806512587	-0.035557263523466	-0.171089169341242	-0.054248775266561966	0.1786013242220692	-0.0001871745960300153	19	19	-0.022544279387414847	0.2975459334527714
0.14856670313997886	0.023031719223423716	0.9697976497554022	0.007757043249285278	-0.007516842955596736	-0.0011806547294375136	0.02262042450932089	-1.0963746928105422e-06	0.30070453806512587	-0.035557263523466	-0.171089169341242	-0.054248775266561966	0.1786013242220692	-0.0001871745960300153	20	20	-0.022068710152938074	0.2988551254316149
0.18816856314045718	0.029824463340237535	0.9843920666784145	0.0012484941874348898	-0.010649055555830067	-0.00258353738244832	0.025793871480043862	-0.0009021153312134267	0.6562104939114017	-0.08100636955984486	0.009761345842422886	-0.013570000130048943	-0.06354812505920271	0.2257152833081686	20	20	-0.022068710152938074	0.2988551254316149
0.18816856314045718	0.029824463340237535	0.9843920666784145	0.0012484941874348898	-0.010649055555830067	-0.00258353738244832	0.025793871480043862	-0.0009021153312134267	0.6562104939114017	-0.08100636955984486	0.009761345842422886	-0.013570000130048943	-0.06354812505920271	0.2257152833081686	21	21	-0.023105300371149565	0.29950911900637495
0.22147691351442533	0.03596366374233452	0.9775671742558689	0.00601260854682506	-0.007846431111635965	-0.00014053537399760785	0.015962485445013996	-4.807443514387444e-07	-1.4371761660003637	0.21658121484847692	0.11447104950052345	0.09136098039529367	-0.3956353172445253	-5.037286076303715e-05	22	22	-0.023105300371149565	0.29950911900637495
0.22147691351442533	0.03596366374233452	0.9775671742558689	0.00601260854682506	-0.007846431111635965	-0.00014053537399760785	0.015962485445013996	-4.807443514387444e-07	-1.4371761660003637	0.21658121484847692	0.11447104950052345	0.09136098039529367	-0.3956353172445253	-5.037286076303715e-05	22	22	-0.020315126607285204	0.2956561093361347
0.25041596670099137	0.0417636973808978	0.9411081100832472	0.009565749048132677	-0.0031417269320908048	0.00199320590218921	-0.001628571647053434	0.03969603231968266	1.8700733965000378	-0.21854933803202137	0.12090021422028785	0.040672249186263776	-0.3737845210411046	4.703480251022753	23	23	-0.020315126607285204	0.2956561093361347
